{
  "total_sequences": 50000,
  "valid_sequences": 50000,
  "total_aa": 1137584,
  "avg_length": 22.75168,
  "aa_counts": {
    "Y": 72905,
    "R": 67531,
    "T": 40346,
    "S": 69875,
    "V": 73787,
    "F": 51690,
    "Q": 56386,
    "D": 66133,
    "L": 107632,
    "E": 133001,
    "P": 39685,
    "N": 45863,
    "C": 31657,
    "H": 42240,
    "I": 63040,
    "G": 42553,
    "K": 48649,
    "A": 36132,
    "M": 26286,
    "W": 22193
  },
  "aa_frequencies": {
    "Y": 6.408757507137934,
    "R": 5.936352831966694,
    "T": 3.5466391932375982,
    "S": 6.142403549979606,
    "V": 6.486290243182041,
    "F": 4.543840279047525,
    "Q": 4.9566449598447235,
    "D": 5.813460808168891,
    "L": 9.461455154080928,
    "E": 11.691532229707873,
    "P": 3.4885335940027287,
    "N": 4.031614368697169,
    "C": 2.7828274659277907,
    "H": 3.713132392860659,
    "I": 5.541568798435984,
    "G": 3.7406468445407106,
    "K": 4.276519360328556,
    "A": 3.1762050099157517,
    "M": 2.3106865075458165,
    "W": 1.950888901391018
  },
  "natural_composition": {
    "A": 8.25,
    "R": 5.53,
    "N": 4.06,
    "D": 5.45,
    "C": 1.37,
    "Q": 3.93,
    "E": 6.75,
    "G": 7.07,
    "H": 2.27,
    "I": 5.96,
    "L": 9.66,
    "K": 5.84,
    "M": 2.42,
    "F": 3.86,
    "P": 4.7,
    "S": 6.56,
    "T": 5.34,
    "W": 1.08,
    "Y": 2.92,
    "V": 6.87
  },
  "deviations": {
    "A": -5.073794990084249,
    "C": 1.4128274659277906,
    "D": 0.3634608081688908,
    "E": 4.941532229707873,
    "F": 0.6838402790475251,
    "G": -3.3293531554592897,
    "H": 1.443132392860659,
    "I": -0.41843120156401614,
    "K": -1.563480639671444,
    "L": -0.19854484591907173,
    "M": -0.10931349245418343,
    "N": -0.02838563130283056,
    "P": -1.2114664059972715,
    "Q": 1.0266449598447234,
    "R": 0.4063528319666938,
    "S": -0.4175964500203939,
    "T": -1.7933608067624016,
    "V": -0.38370975681795905,
    "W": 0.8708889013910179,
    "Y": 3.488757507137934
  },
  "fold_changes": {
    "A": 0.3849945466564548,
    "C": 2.031260924034884,
    "D": 1.0666900565447506,
    "E": 1.7320788488456107,
    "F": 1.177160694053763,
    "G": 0.5290872481670029,
    "H": 1.6357411422293653,
    "I": 0.9297934225563731,
    "K": 0.7322807123850267,
    "L": 0.979446703321007,
    "M": 0.954829135349511,
    "N": 0.9930084651963471,
    "P": 0.7422411902133464,
    "Q": 1.2612328142098532,
    "R": 1.0734815247679375,
    "S": 0.9363420045700619,
    "T": 0.6641646429283892,
    "V": 0.9441470514093219,
    "W": 1.8063786123990906,
    "Y": 2.1947799681979228
  },
  "quality_flags": []
}