{
  "total_sequences": 50000,
  "valid_sequences": 50000,
  "total_aa": 1136861,
  "avg_length": 22.73722,
  "aa_counts": {
    "L": 107807,
    "I": 63184,
    "V": 73845,
    "F": 51684,
    "Q": 56203,
    "G": 42523,
    "R": 67767,
    "N": 45887,
    "K": 48721,
    "Y": 73551,
    "S": 69659,
    "E": 132099,
    "H": 42062,
    "A": 35970,
    "D": 65910,
    "P": 39642,
    "C": 31621,
    "T": 40209,
    "M": 26305,
    "W": 22212
  },
  "aa_frequencies": {
    "L": 9.48286553941071,
    "I": 5.557759479830867,
    "V": 6.495517042101014,
    "F": 4.546202218213132,
    "Q": 4.943700241278397,
    "G": 3.7403869074583436,
    "R": 5.960887038960787,
    "N": 4.036289396856783,
    "K": 4.285572290719798,
    "Y": 6.469656360804003,
    "S": 6.127310198872157,
    "E": 11.619626321951408,
    "H": 3.699836655492624,
    "A": 3.163975191338255,
    "D": 5.797542531584776,
    "P": 3.4869698230478483,
    "C": 2.781430623444731,
    "T": 3.536843994120653,
    "M": 2.313827284074306,
    "W": 1.953800860439403
  },
  "natural_composition": {
    "A": 8.25,
    "R": 5.53,
    "N": 4.06,
    "D": 5.45,
    "C": 1.37,
    "Q": 3.93,
    "E": 6.75,
    "G": 7.07,
    "H": 2.27,
    "I": 5.96,
    "L": 9.66,
    "K": 5.84,
    "M": 2.42,
    "F": 3.86,
    "P": 4.7,
    "S": 6.56,
    "T": 5.34,
    "W": 1.08,
    "Y": 2.92,
    "V": 6.87
  },
  "deviations": {
    "A": -5.086024808661745,
    "C": 1.4114306234447307,
    "D": 0.347542531584776,
    "E": 4.869626321951408,
    "F": 0.6862022182131322,
    "G": -3.3296130925416567,
    "H": 1.429836655492624,
    "I": -0.4022405201691326,
    "K": -1.5544277092802021,
    "L": -0.17713446058928994,
    "M": -0.10617271592569377,
    "N": -0.023710603143216602,
    "P": -1.2130301769521519,
    "Q": 1.0137002412783969,
    "R": 0.43088703896078684,
    "S": -0.43268980112784217,
    "T": -1.8031560058793468,
    "V": -0.37448295789898634,
    "W": 0.873800860439403,
    "Y": 3.5496563608040033
  },
  "fold_changes": {
    "A": 0.383512144404637,
    "C": 2.0302413309815552,
    "D": 1.0637692718504177,
    "E": 1.7214261217705789,
    "F": 1.177772595392003,
    "G": 0.5290504819601617,
    "H": 1.629883989203799,
    "I": 0.9325099798373938,
    "K": 0.7338308716985955,
    "L": 0.9816630993178789,
    "M": 0.9561269768902092,
    "N": 0.994159949964725,
    "P": 0.7419084729889038,
    "Q": 1.257938992691704,
    "R": 1.0779180902279903,
    "S": 0.9340411888524631,
    "T": 0.6623303359776505,
    "V": 0.945490108020526,
    "W": 1.8090748707772248,
    "Y": 2.215635740001371
  },
  "quality_flags": []
}